Size tier,Common name,Botanical name (as listed),Pot size,Price at source (£),Stock (5 Oct 2026),Light,Humidity,Pet friendly,Terrarium suitability,Flux prompt (studio thumbnail),Source
Large (16–20 cm pot),Parlour Palm,Chamaedorea elegans,17cm,21.99,In stock,Tolerates low light,Moderate–high,Yes,The classic terrarium canopy plant; slow-growing and tolerant of low light. 17 cm pots suit the 35L only.,"Hyper-realistic studio product photograph of a single Parlour Palm plant (Chamaedorea elegans), clusters of slender upright green stems topped with graceful arching pinnate palm fronds, growing in a minimal matte warm-grey ceramic nursery pot, centred on a seamless soft off-white backdrop. Soft diffused key light from upper left, gentle fill, subtle contact shadow, true-to-life colour. No hands, no people, no text, no props. 100mm macro lens, f/8, crisp focus on foliage, 1:1 square.",https://growtropicals.com/products/chamaedorea-elegans
Large (16–20 cm pot),—,Microgramma nitida,17cm,48.99,Out of stock,"Bright, indirect",High,Yes,Epiphytic fern for clothing back walls and branches; high humidity. 17 cm pot best in 35L.,"Hyper-realistic studio product photograph of a single Microgramma nitida plant (Microgramma nitida), glossy bright green lance-shaped fronds on creeping rhizomes, growing in a minimal matte warm-grey ceramic nursery pot, centred on a seamless soft off-white backdrop. Soft diffused key light from upper left, gentle fill, subtle contact shadow, true-to-life colour. No hands, no people, no text, no props. 100mm macro lens, f/8, crisp focus on foliage, 1:1 square.",https://growtropicals.com/products/microgramma-nitida
Medium (12–15 cm pot),Pink Maidenhair Fern,Adiantum tenerum 'Scutum Roseum',12cm,13.99,Out of stock,"Bright, indirect",High,Yes,"Soft romantic texture; must have steady humidity, ideal under glass.","Hyper-realistic studio product photograph of a single Pink Maidenhair Fern plant (Adiantum tenerum 'Scutum Roseum'), delicate fan-shaped fronds emerging peach-pink and maturing green on dark wiry stems, growing in a minimal matte warm-grey ceramic nursery pot, centred on a seamless soft off-white backdrop. Soft diffused key light from upper left, gentle fill, subtle contact shadow, true-to-life colour. No hands, no people, no text, no props. 100mm macro lens, f/8, crisp focus on foliage, 1:1 square.",https://growtropicals.com/products/adiantum-tenerum-scutum-roseum
Medium (12–15 cm pot),Asparagus Fern,Asparagus Setaceus Plumosus,12cm,10.99,In stock,Tolerates low light,High,Not listed,"Airy texture behind figures; prefers higher humidity. Grows fast, trim to fit.","Hyper-realistic studio product photograph of a single Asparagus Fern plant (Asparagus Setaceus Plumosus), flat horizontal tiered sprays of needle-fine bright green cloud-like foliage, growing in a minimal matte warm-grey ceramic nursery pot, centred on a seamless soft off-white backdrop. Soft diffused key light from upper left, gentle fill, subtle contact shadow, true-to-life colour. No hands, no people, no text, no props. 100mm macro lens, f/8, crisp focus on foliage, 1:1 square.",https://growtropicals.com/products/asparagus-setaceus-plumosus-asparagus-fern
Medium (12–15 cm pot),Bird's Nest Fern 'Parvati',Asplenium parvati,12cm,12.99,In stock,Tolerates low light,High,Yes,"Architectural focal fern; loves humidity, tolerates low light.","Hyper-realistic studio product photograph of a single Bird's Nest Fern 'Parvati' plant (Asplenium parvati), upright glossy green fronds splitting into forked crested antler-like tips from a central rosette, growing in a minimal matte warm-grey ceramic nursery pot, centred on a seamless soft off-white backdrop. Soft diffused key light from upper left, gentle fill, subtle contact shadow, true-to-life colour. No hands, no people, no text, no props. 100mm macro lens, f/8, crisp focus on foliage, 1:1 square.",https://growtropicals.com/products/asplenium-parvatii
Medium (12–15 cm pot),Begonia 'Alaska Creek',Begonia 'Alaska Creek',12cm,9.99,Out of stock,"Bright, indirect",High,Not listed,Silver sparkle under LED light; likes humidity.,"Hyper-realistic studio product photograph of a single Begonia 'Alaska Creek' plant (Begonia 'Alaska Creek'), compact bushy begonia with richly patterned silver-flecked leaves, growing in a minimal matte warm-grey ceramic nursery pot, centred on a seamless soft off-white backdrop. Soft diffused key light from upper left, gentle fill, subtle contact shadow, true-to-life colour. No hands, no people, no text, no props. 100mm macro lens, f/8, crisp focus on foliage, 1:1 square.",https://growtropicals.com/products/begonia-alaska-creek
Medium (12–15 cm pot),Iron Cross Begonia,Begonia Masoniana 'Mountain',14cm,27.99,Out of stock,"Bright, indirect",High,Not listed,Statement foliage for the 15L and 35L; warm and humid.,"Hyper-realistic studio product photograph of a single Iron Cross Begonia plant (Begonia Masoniana 'Mountain'), boldly puckered textured green leaves marked with a dramatic dark cross at the centre, growing in a minimal matte warm-grey ceramic nursery pot, centred on a seamless soft off-white backdrop. Soft diffused key light from upper left, gentle fill, subtle contact shadow, true-to-life colour. No hands, no people, no text, no props. 100mm macro lens, f/8, crisp focus on foliage, 1:1 square.",https://growtropicals.com/products/begonia-variegata-a-k-a-masoniana-mountain
Medium (12–15 cm pot),—,Begonia amphioxus,12cm,26.99,Out of stock,"Bright, indirect",High,Not listed,A true terrarium species; keep humid and out of direct light.,"Hyper-realistic studio product photograph of a single Begonia amphioxus plant (Begonia amphioxus), narrow sharply pointed fang-shaped green leaves dotted with raised vivid red spots, growing in a minimal matte warm-grey ceramic nursery pot, centred on a seamless soft off-white backdrop. Soft diffused key light from upper left, gentle fill, subtle contact shadow, true-to-life colour. No hands, no people, no text, no props. 100mm macro lens, f/8, crisp focus on foliage, 1:1 square.",https://growtropicals.com/products/begonia-amphioxus
Medium (12–15 cm pot),Shaggy Leaf Climbing Fig,Ficus Villosa,12cm,38.99,Out of stock,"Bright, indirect",Moderate–high,Not listed,Climber for back walls in larger builds.,"Hyper-realistic studio product photograph of a single Shaggy Leaf Climbing Fig plant (Ficus Villosa), climbing stems with heart-shaped velvety leaves, new growth reddish-bronze maturing to deep green, growing in a minimal matte warm-grey ceramic nursery pot, centred on a seamless soft off-white backdrop. Soft diffused key light from upper left, gentle fill, subtle contact shadow, true-to-life colour. No hands, no people, no text, no props. 100mm macro lens, f/8, crisp focus on foliage, 1:1 square.",https://growtropicals.com/products/ficus-villosa
Medium (12–15 cm pot),Seersucker Plant,Geogenanthus poeppigii,12cm,26.99,Out of stock,Tolerates low light,Moderate–high,Yes,Unusual low-growing texture; happy in low light.,"Hyper-realistic studio product photograph of a single Seersucker Plant plant (Geogenanthus poeppigii), low clump of glossy dark green leaves with deep puckered seersucker ridges and purple undersides, growing in a minimal matte warm-grey ceramic nursery pot, centred on a seamless soft off-white backdrop. Soft diffused key light from upper left, gentle fill, subtle contact shadow, true-to-life colour. No hands, no people, no text, no props. 100mm macro lens, f/8, crisp focus on foliage, 1:1 square.",https://growtropicals.com/products/geogenanthus-cf-poeppigii
Medium (12–15 cm pot),Purple Velvet Plant,Gynura aurantiaca 'Purple Passion',12cm,10.99,In stock,Tolerates low light,Moderate–high,Yes,Beginner-friendly colour; pinch regularly to keep compact under glass.,"Hyper-realistic studio product photograph of a single Purple Velvet Plant plant (Gynura aurantiaca 'Purple Passion'), deeply lobed serrated leaves covered in dense fine purple hairs with a violet shimmer, growing in a minimal matte warm-grey ceramic nursery pot, centred on a seamless soft off-white backdrop. Soft diffused key light from upper left, gentle fill, subtle contact shadow, true-to-life colour. No hands, no people, no text, no props. 100mm macro lens, f/8, crisp focus on foliage, 1:1 square.",https://growtropicals.com/products/gynura-aurantiaca-purple-passion
Medium (12–15 cm pot),Hand Fern,Hemionitis doryopteris,12cm,10.99,Out of stock,Tolerates low light,High,Yes,Perfect small-scale fern for detailed scenes.,"Hyper-realistic studio product photograph of a single Hand Fern plant (Hemionitis doryopteris), miniature fern with delicate hand-shaped fronds on slender dark stems, growing in a minimal matte warm-grey ceramic nursery pot, centred on a seamless soft off-white backdrop. Soft diffused key light from upper left, gentle fill, subtle contact shadow, true-to-life colour. No hands, no people, no text, no props. 100mm macro lens, f/8, crisp focus on foliage, 1:1 square.",https://growtropicals.com/products/doryopteris-pedata
Medium (12–15 cm pot),Bloodleaf,Iresine herbstii,13cm,14.99,Out of stock,"Bright, indirect",High,Yes,Strong colour pop; pinch to keep bushy.,"Hyper-realistic studio product photograph of a single Bloodleaf plant (Iresine herbstii), rounded paddle-shaped leaves flushed crimson, magenta and hot pink with bright pink veins, growing in a minimal matte warm-grey ceramic nursery pot, centred on a seamless soft off-white backdrop. Soft diffused key light from upper left, gentle fill, subtle contact shadow, true-to-life colour. No hands, no people, no text, no props. 100mm macro lens, f/8, crisp focus on foliage, 1:1 square.",https://growtropicals.com/products/iresine-herbstii
Medium (12–15 cm pot),Jewel Orchid,Ludisia discolor,12cm,27.99,Out of stock,"Bright, indirect",Moderate–high,Yes,Luxurious foliage that glows under LEDs; easy for an orchid.,"Hyper-realistic studio product photograph of a single Jewel Orchid plant (Ludisia discolor), velvety near-black leaves laced with fine copper-red veins, growing in a minimal matte warm-grey ceramic nursery pot, centred on a seamless soft off-white backdrop. Soft diffused key light from upper left, gentle fill, subtle contact shadow, true-to-life colour. No hands, no people, no text, no props. 100mm macro lens, f/8, crisp focus on foliage, 1:1 square.",https://growtropicals.com/products/ludisia-discolor
Medium (12–15 cm pot),Crocodile Fern,Microsorum Crocodyllus,12cm,13.99,In stock,Tolerates low light,High,Yes,Bold architectural backdrop; loves humidity and low light.,"Hyper-realistic studio product photograph of a single Crocodile Fern plant (Microsorum Crocodyllus), upright arching strap-shaped light green fronds with a dark green crocodile-skin vein network, growing in a minimal matte warm-grey ceramic nursery pot, centred on a seamless soft off-white backdrop. Soft diffused key light from upper left, gentle fill, subtle contact shadow, true-to-life colour. No hands, no people, no text, no props. 100mm macro lens, f/8, crisp focus on foliage, 1:1 square.",https://growtropicals.com/products/microsorum-crocodyllus-crocodile-fern
Medium (12–15 cm pot),Shingle Plant,Monstera Dubia,14cm on Wood,37.99,Out of stock,Tolerates low light,Moderate–high,Not listed,Living wallpaper for back panels or a cork branch.,"Hyper-realistic studio product photograph of a single Shingle Plant plant (Monstera Dubia), small heart-shaped leaves marbled silver and dark green shingling flat against a surface, growing in a minimal matte warm-grey ceramic nursery pot, centred on a seamless soft off-white backdrop. Soft diffused key light from upper left, gentle fill, subtle contact shadow, true-to-life colour. No hands, no people, no text, no props. 100mm macro lens, f/8, crisp focus on foliage, 1:1 square.",https://growtropicals.com/products/monstera-dubia
Medium (12–15 cm pot),Variegated Watermelon Begonia,Pellionia repens variegated,12cm,14.99,In stock,"Bright, indirect",High,Not listed,Shingling trailer for terrarium floors; needs high humidity.,"Hyper-realistic studio product photograph of a single Variegated Watermelon Begonia plant (Pellionia repens variegated), trailing stems with small oval leaves patterned light green and cream, growing in a minimal matte warm-grey ceramic nursery pot, centred on a seamless soft off-white backdrop. Soft diffused key light from upper left, gentle fill, subtle contact shadow, true-to-life colour. No hands, no people, no text, no props. 100mm macro lens, f/8, crisp focus on foliage, 1:1 square.",https://growtropicals.com/products/pellionia-repens-variegated
Medium (12–15 cm pot),Peperomia 'Pepperspot',Peperomia Pepperspot,14cm,26.99,Out of stock,Tolerates low light,Moderate–high,Yes,Trailing accent for ledges and rock edges; low fuss.,"Hyper-realistic studio product photograph of a single Peperomia 'Pepperspot' plant (Peperomia Pepperspot), fine wiry burgundy-red stems dotted with tiny round glossy dark green bead-like leaves, trailing, growing in a minimal matte warm-grey ceramic nursery pot, centred on a seamless soft off-white backdrop. Soft diffused key light from upper left, gentle fill, subtle contact shadow, true-to-life colour. No hands, no people, no text, no props. 100mm macro lens, f/8, crisp focus on foliage, 1:1 square.",https://growtropicals.com/products/peperomia-pepperspot
Medium (12–15 cm pot),String of Turtles,Peperomia Prostrata,14cm,26.99,In stock,Tolerates low light,Moderate–high,Yes,Slow trailing ground cover; very compact and low fuss.,"Hyper-realistic studio product photograph of a single String of Turtles plant (Peperomia Prostrata), trailing strands of small round leaves patterned like tiny turtle shells in dark and pale green, growing in a minimal matte warm-grey ceramic nursery pot, centred on a seamless soft off-white backdrop. Soft diffused key light from upper left, gentle fill, subtle contact shadow, true-to-life colour. No hands, no people, no text, no props. 100mm macro lens, f/8, crisp focus on foliage, 1:1 square.",https://growtropicals.com/products/peperomia-prostrata-string-of-turtles
Medium (12–15 cm pot),Ripple Peperomia 'Quito',Peperomia caperata 'Quito',12cm,13.99,Out of stock,Low to bright indirect,Moderate–high,Yes,Compact textured accent; low fuss.,"Hyper-realistic studio product photograph of a single Ripple Peperomia 'Quito' plant (Peperomia caperata 'Quito'), heart-shaped heavily quilted dark green leaves with deep burgundy undertones, growing in a minimal matte warm-grey ceramic nursery pot, centred on a seamless soft off-white backdrop. Soft diffused key light from upper left, gentle fill, subtle contact shadow, true-to-life colour. No hands, no people, no text, no props. 100mm macro lens, f/8, crisp focus on foliage, 1:1 square.",https://growtropicals.com/products/peperomia-caperata-quito
Medium (12–15 cm pot),Variegated Baby Rubber Plant,Peperomia obtipan Bicolor,12cm,13.99,Out of stock,Low to bright indirect,Moderate–high,Yes,"Bright, sturdy accent; tolerates drier spots in open designs.","Hyper-realistic studio product photograph of a single Variegated Baby Rubber Plant plant (Peperomia obtipan Bicolor), thick glossy oval leaves, green with creamy white margins, on upright stems, growing in a minimal matte warm-grey ceramic nursery pot, centred on a seamless soft off-white backdrop. Soft diffused key light from upper left, gentle fill, subtle contact shadow, true-to-life colour. No hands, no people, no text, no props. 100mm macro lens, f/8, crisp focus on foliage, 1:1 square.",https://growtropicals.com/products/peperomia-obtipan-bicolor
Medium (12–15 cm pot),Round-leaf Peperomia,Peperomia rotundifolia,12cm,10.99,Out of stock,Tolerates low light,Moderate–high,Yes,Fine-scale creeper that keeps miniature figures in proportion.,"Hyper-realistic studio product photograph of a single Round-leaf Peperomia plant (Peperomia rotundifolia), thread-thin trailing stems strung with tiny perfectly round coin-like green leaves, growing in a minimal matte warm-grey ceramic nursery pot, centred on a seamless soft off-white backdrop. Soft diffused key light from upper left, gentle fill, subtle contact shadow, true-to-life colour. No hands, no people, no text, no props. 100mm macro lens, f/8, crisp focus on foliage, 1:1 square.",https://growtropicals.com/products/peperomia-rotundifolia
Medium (12–15 cm pot),Moon Valley Pilea,Pilea mollis 'Moon Valley',12cm,10.99,Out of stock,Tolerates low light,Moderate–high,Yes,Compact textured mound; happy in low light.,"Hyper-realistic studio product photograph of a single Moon Valley Pilea plant (Pilea mollis 'Moon Valley'), deeply quilted chartreuse leaves with bronze-brown valleys between raised veins, forming a low mound, growing in a minimal matte warm-grey ceramic nursery pot, centred on a seamless soft off-white backdrop. Soft diffused key light from upper left, gentle fill, subtle contact shadow, true-to-life colour. No hands, no people, no text, no props. 100mm macro lens, f/8, crisp focus on foliage, 1:1 square.",https://growtropicals.com/products/pilea-moon-valley
Medium (12–15 cm pot),Chirita 'Pretty Turtle',Primulina dryas 'Pretty Turtle',12cm,11.99,Out of stock,"Bright, indirect",Moderate–high,Yes,"Neat rosette, may flower lavender; pet friendly.","Hyper-realistic studio product photograph of a single Chirita 'Pretty Turtle' plant (Primulina dryas 'Pretty Turtle'), rosette of thick fuzzy leaves with a green and silver turtle-shell vein pattern, growing in a minimal matte warm-grey ceramic nursery pot, centred on a seamless soft off-white backdrop. Soft diffused key light from upper left, gentle fill, subtle contact shadow, true-to-life colour. No hands, no people, no text, no props. 100mm macro lens, f/8, crisp focus on foliage, 1:1 square.",https://growtropicals.com/products/primulina-dryas-pretty-turtle
Medium (12–15 cm pot),Peacock Fern,Selaginella uncinata,12cm,8.99,Out of stock,Tolerates low light,High,Yes,"Classic terrarium carpet; low light, high humidity.","Hyper-realistic studio product photograph of a single Peacock Fern plant (Selaginella uncinata), dense creeping mat of fern-like foliage with iridescent blue-green sheen, growing in a minimal matte warm-grey ceramic nursery pot, centred on a seamless soft off-white backdrop. Soft diffused key light from upper left, gentle fill, subtle contact shadow, true-to-life colour. No hands, no people, no text, no props. 100mm macro lens, f/8, crisp focus on foliage, 1:1 square.",https://growtropicals.com/products/selaginella-uncinata
Medium (12–15 cm pot),Peacock Moss 'Patina',Selaginella uncinata 'Patina',12cm,15.99,Out of stock,"Bright, indirect",Moderate–high,Yes,Shimmering ground cover; thrives in terrarium humidity.,"Hyper-realistic studio product photograph of a single Peacock Moss 'Patina' plant (Selaginella uncinata 'Patina'), creeping mat of fine fern-like spikemoss with iridescent blue, purple and pink sheen, growing in a minimal matte warm-grey ceramic nursery pot, centred on a seamless soft off-white backdrop. Soft diffused key light from upper left, gentle fill, subtle contact shadow, true-to-life colour. No hands, no people, no text, no props. 100mm macro lens, f/8, crisp focus on foliage, 1:1 square.",https://growtropicals.com/products/selaginella-uncinata-patina
Medium (12–15 cm pot),Saunders' Vriesea,Vriesea 'Saundersii',12cm,15.99,Out of stock,"Bright, indirect",Moderate–high,Yes,Cool-toned rosette; water the cup only.,"Hyper-realistic studio product photograph of a single Saunders' Vriesea plant (Vriesea 'Saundersii'), rosette of silvery blue-green leaves with pastel pink undersides, growing in a minimal matte warm-grey ceramic nursery pot, centred on a seamless soft off-white backdrop. Soft diffused key light from upper left, gentle fill, subtle contact shadow, true-to-life colour. No hands, no people, no text, no props. 100mm macro lens, f/8, crisp focus on foliage, 1:1 square.",https://growtropicals.com/products/vriesea-saundersii
Medium (12–15 cm pot),Bromeliad 'Tropical Night',Vriesea 'Tropical Night',12cm,17.99,Out of stock,"Bright, indirect",Moderate–high,Yes,"Rosette focal point; water the central cup, never the substrate.","Hyper-realistic studio product photograph of a single Bromeliad 'Tropical Night' plant (Vriesea 'Tropical Night'), rosette of light green and red leaves with purple-pink undersides, growing in a minimal matte warm-grey ceramic nursery pot, centred on a seamless soft off-white backdrop. Soft diffused key light from upper left, gentle fill, subtle contact shadow, true-to-life colour. No hands, no people, no text, no props. 100mm macro lens, f/8, crisp focus on foliage, 1:1 square.",https://growtropicals.com/products/vriesea-tropical-night
Small (8–11 cm pot),—,Arthrostemma parvifolium,9cm,18.99,Out of stock,"Bright, indirect",Moderate–high,Not listed,Magenta flowers; humid builds.,"Hyper-realistic studio product photograph of a single Arthrostemma parvifolium plant (Arthrostemma parvifolium), bushy plant with ovate grey-green leaves, silvery veins and burgundy stems, growing in a minimal matte warm-grey ceramic nursery pot, centred on a seamless soft off-white backdrop. Soft diffused key light from upper left, gentle fill, subtle contact shadow, true-to-life colour. No hands, no people, no text, no props. 100mm macro lens, f/8, crisp focus on foliage, 1:1 square.",https://growtropicals.com/products/arthrostemma-parvifolium
Small (8–11 cm pot),Begonia 'Black Bat',Begonia 'Black Bat',8cm,17.99,In stock,"Bright, indirect",High,Not listed,"Architectural, gothic accent.","Hyper-realistic studio product photograph of a single Begonia 'Black Bat' plant (Begonia 'Black Bat'), jagged toothed almost-black leaves with bright green centres and deep red undersides, growing in a minimal matte warm-grey ceramic nursery pot, centred on a seamless soft off-white backdrop. Soft diffused key light from upper left, gentle fill, subtle contact shadow, true-to-life colour. No hands, no people, no text, no props. 100mm macro lens, f/8, crisp focus on foliage, 1:1 square.",https://growtropicals.com/products/begonia-black-bat
Small (8–11 cm pot),Begonia 'Black Mountain',Begonia 'Black Mountain',8cm,14.99,In stock,"Bright, indirect",High,Not listed,Dramatic contrast against bright moss.,"Hyper-realistic studio product photograph of a single Begonia 'Black Mountain' plant (Begonia 'Black Mountain'), bold begonia with deeply coloured near-black leaves, growing in a minimal matte warm-grey ceramic nursery pot, centred on a seamless soft off-white backdrop. Soft diffused key light from upper left, gentle fill, subtle contact shadow, true-to-life colour. No hands, no people, no text, no props. 100mm macro lens, f/8, crisp focus on foliage, 1:1 square.",https://growtropicals.com/products/begonia-black-mountain
Small (8–11 cm pot),Begonia 'Pink Panther',Begonia 'Pink Panther',8cm,17.99,Out of stock,"Bright, indirect",High,Not listed,Romantic pink tones for Valentine's builds.,"Hyper-realistic studio product photograph of a single Begonia 'Pink Panther' plant (Begonia 'Pink Panther'), leaves dusted with silvery-pink markings above and burgundy beneath, growing in a minimal matte warm-grey ceramic nursery pot, centred on a seamless soft off-white backdrop. Soft diffused key light from upper left, gentle fill, subtle contact shadow, true-to-life colour. No hands, no people, no text, no props. 100mm macro lens, f/8, crisp focus on foliage, 1:1 square.",https://growtropicals.com/products/begonia-pink-panther
Small (8–11 cm pot),Begonia 'Speckled',Begonia 'Speckled',10.5cm,18.99,Out of stock,"Bright, indirect",High,Not listed,Speckled foliage catches LED light.,"Hyper-realistic studio product photograph of a single Begonia 'Speckled' plant (Begonia 'Speckled'), broad ovate dark green leaves with silver-cream speckles and reddish stems, growing in a minimal matte warm-grey ceramic nursery pot, centred on a seamless soft off-white backdrop. Soft diffused key light from upper left, gentle fill, subtle contact shadow, true-to-life colour. No hands, no people, no text, no props. 100mm macro lens, f/8, crisp focus on foliage, 1:1 square.",https://growtropicals.com/products/begonia-speckled
Small (8–11 cm pot),Begonia 'Temuyuk Silver',Begonia Temuyuk Silver,8cm,15.99,In stock,"Bright, indirect",High,Not listed,Metallic glow under LEDs.,"Hyper-realistic studio product photograph of a single Begonia 'Temuyuk Silver' plant (Begonia Temuyuk Silver), compact begonia with shimmering silver-washed leaves and darker margins and veins, growing in a minimal matte warm-grey ceramic nursery pot, centred on a seamless soft off-white backdrop. Soft diffused key light from upper left, gentle fill, subtle contact shadow, true-to-life colour. No hands, no people, no text, no props. 100mm macro lens, f/8, crisp focus on foliage, 1:1 square.",https://growtropicals.com/products/begonia-temuyuk-silver
Small (8–11 cm pot),—,Begonia amphioxus x malachosticta,8cm,18.79,In stock,"Bright, indirect",High,Not listed,Collector's showpiece hybrid for humid builds.,"Hyper-realistic studio product photograph of a single Begonia amphioxus x malachosticta plant (Begonia amphioxus x malachosticta), narrow javelin-shaped leaves scattered with red and silver spots and fine red margins, growing in a minimal matte warm-grey ceramic nursery pot, centred on a seamless soft off-white backdrop. Soft diffused key light from upper left, gentle fill, subtle contact shadow, true-to-life colour. No hands, no people, no text, no props. 100mm macro lens, f/8, crisp focus on foliage, 1:1 square.",https://growtropicals.com/products/begonia-amphioxus-x-malachosticta
Small (8–11 cm pot),—,Begonia filiformis 'Irmsch',8cm,15.29,In stock,"Bright, indirect",High,Not listed,Delicate texture for humid terrariums.,"Hyper-realistic studio product photograph of a single Begonia filiformis 'Irmsch' plant (Begonia filiformis 'Irmsch'), dainty begonia with fine fern-like finely divided foliage, growing in a minimal matte warm-grey ceramic nursery pot, centred on a seamless soft off-white backdrop. Soft diffused key light from upper left, gentle fill, subtle contact shadow, true-to-life colour. No hands, no people, no text, no props. 100mm macro lens, f/8, crisp focus on foliage, 1:1 square.",https://growtropicals.com/products/begonia-filiformis-irmsch
Small (8–11 cm pot),—,Begonia ignita,8cm,17.99,Out of stock,"Bright, indirect",High,Not listed,Rare Sulawesi species; orange flowers.,"Hyper-realistic studio product photograph of a single Begonia ignita plant (Begonia ignita), symmetrical heart-shaped leaves, new growth deep red with yellow edges maturing vivid green, growing in a minimal matte warm-grey ceramic nursery pot, centred on a seamless soft off-white backdrop. Soft diffused key light from upper left, gentle fill, subtle contact shadow, true-to-life colour. No hands, no people, no text, no props. 100mm macro lens, f/8, crisp focus on foliage, 1:1 square.",https://growtropicals.com/products/begonia-ignita
Small (8–11 cm pot),Sensitive Life Plant,Biophytum sensitivum,9cm,9.99,In stock,Tolerates low light,Moderate–high,Yes,Leaflets fold when touched; a living miniature tree for scenes.,"Hyper-realistic studio product photograph of a single Sensitive Life Plant plant (Biophytum sensitivum), tiny palm-like plant with a whorl of pinnate leaflets on a short stem, growing in a minimal matte warm-grey ceramic nursery pot, centred on a seamless soft off-white backdrop. Soft diffused key light from upper left, gentle fill, subtle contact shadow, true-to-life colour. No hands, no people, no text, no props. 100mm macro lens, f/8, crisp focus on foliage, 1:1 square.",https://growtropicals.com/products/biophytum-sensitivum
Small (8–11 cm pot),Little Tree Plant,Biophytum zenkeri,8cm,12.99,Out of stock,"Bright, indirect",Moderate–high,Not listed,Scale tree for figure scenes; folds at night.,"Hyper-realistic studio product photograph of a single Little Tree Plant plant (Biophytum zenkeri), tiny single stem topped with a perfect whorl of palm-like leaflets, like a miniature tree, growing in a minimal matte warm-grey ceramic nursery pot, centred on a seamless soft off-white backdrop. Soft diffused key light from upper left, gentle fill, subtle contact shadow, true-to-life colour. No hands, no people, no text, no props. 100mm macro lens, f/8, crisp focus on foliage, 1:1 square.",https://growtropicals.com/products/biophytum-zenkeri
Small (8–11 cm pot),—,Bulbophyllum capitatum,9cm,17.99,In stock,"Bright, indirect",Moderate–high,Yes,Mount on wood or stone; yellow star flowers in summer.,"Hyper-realistic studio product photograph of a single Bulbophyllum capitatum plant (Bulbophyllum capitatum), miniature orchid with small pseudobulbs each topped by a single glossy oval leaf, growing in a minimal matte warm-grey ceramic nursery pot, centred on a seamless soft off-white backdrop. Soft diffused key light from upper left, gentle fill, subtle contact shadow, true-to-life colour. No hands, no people, no text, no props. 100mm macro lens, f/8, crisp focus on foliage, 1:1 square.",https://growtropicals.com/products/bulbophyllum-capitatum
Small (8–11 cm pot),—,Chamaeranthemum venosum,9cm,15.99,Out of stock,"Bright, indirect",Moderate–high,Not listed,Ideal for the terrarium floor in low light.,"Hyper-realistic studio product photograph of a single Chamaeranthemum venosum plant (Chamaeranthemum venosum), very low creeping plant with silvery vein patterns on green leaves, growing in a minimal matte warm-grey ceramic nursery pot, centred on a seamless soft off-white backdrop. Soft diffused key light from upper left, gentle fill, subtle contact shadow, true-to-life colour. No hands, no people, no text, no props. 100mm macro lens, f/8, crisp focus on foliage, 1:1 square.",https://growtropicals.com/products/chamaeranthemum-venosum
Small (8–11 cm pot),—,Cissus amazonica,9cm,25.99,Out of stock,"Bright, indirect",Moderate–high,Not listed,Elegant climber for back walls.,"Hyper-realistic studio product photograph of a single Cissus amazonica plant (Cissus amazonica), slender vine with lance-shaped deep green leaves marked with silver along the veins, growing in a minimal matte warm-grey ceramic nursery pot, centred on a seamless soft off-white backdrop. Soft diffused key light from upper left, gentle fill, subtle contact shadow, true-to-life colour. No hands, no people, no text, no props. 100mm macro lens, f/8, crisp focus on foliage, 1:1 square.",https://growtropicals.com/products/cissus-amazonica
Small (8–11 cm pot),Earth Star,Cryptanthus bivittatus,9cm,9.99,Out of stock,"Bright, indirect",Moderate–high,Yes,"Low, sculptural; brighter light deepens the pink.","Hyper-realistic studio product photograph of a single Earth Star plant (Cryptanthus bivittatus), flat star-shaped rosette of wavy strappy leaves striped green, bronze and pink, growing in a minimal matte warm-grey ceramic nursery pot, centred on a seamless soft off-white backdrop. Soft diffused key light from upper left, gentle fill, subtle contact shadow, true-to-life colour. No hands, no people, no text, no props. 100mm macro lens, f/8, crisp focus on foliage, 1:1 square.",https://growtropicals.com/products/cryptanthus-bivittatus
Small (8–11 cm pot),Creeping Oak-leaf Fig,Ficus quercifolia 'creeping oak leaf',9cm,16.99,Out of stock,"Bright, indirect",Moderate–high,Not listed,Quickly coats backgrounds and rocks.,"Hyper-realistic studio product photograph of a single Creeping Oak-leaf Fig plant (Ficus quercifolia 'creeping oak leaf'), small vine with tiny oak-shaped lobed leaves cascading, growing in a minimal matte warm-grey ceramic nursery pot, centred on a seamless soft off-white backdrop. Soft diffused key light from upper left, gentle fill, subtle contact shadow, true-to-life colour. No hands, no people, no text, no props. 100mm macro lens, f/8, crisp focus on foliage, 1:1 square.",https://growtropicals.com/products/ficus-quercifolia-creeping-oak-leaf
Small (8–11 cm pot),Waffle Plant 'Snow White',Hemigraphis 'Snow White',9cm,5.99,Out of stock,"Bright, indirect",Moderate–high,Yes,Bright low ground cover.,"Hyper-realistic studio product photograph of a single Waffle Plant 'Snow White' plant (Hemigraphis 'Snow White'), small crinkled leaves heavily splashed with white and cream variegation on low stems, growing in a minimal matte warm-grey ceramic nursery pot, centred on a seamless soft off-white backdrop. Soft diffused key light from upper left, gentle fill, subtle contact shadow, true-to-life colour. No hands, no people, no text, no props. 100mm macro lens, f/8, crisp focus on foliage, 1:1 square.",https://growtropicals.com/products/hemigraphis-snow-white
Small (8–11 cm pot),Red Flame Ivy 'Crispy',Hemigraphis repanda 'Crispy Red Flame',9cm,5.99,Out of stock,"Bright, indirect",Moderate–high,Yes,Warm-toned ground cover.,"Hyper-realistic studio product photograph of a single Red Flame Ivy 'Crispy' plant (Hemigraphis repanda 'Crispy Red Flame'), small crinkled purple-red and green textured leaves, growing in a minimal matte warm-grey ceramic nursery pot, centred on a seamless soft off-white backdrop. Soft diffused key light from upper left, gentle fill, subtle contact shadow, true-to-life colour. No hands, no people, no text, no props. 100mm macro lens, f/8, crisp focus on foliage, 1:1 square.",https://growtropicals.com/products/hemigraphis-repanda-crispy-red-flame
Small (8–11 cm pot),Shingling Marcgravia,Marcgravia sp. El Coca,9cm,45.0,Out of stock,"Bright, indirect",Moderate–high,Not listed,Needs terrarium conditions; striking on a back panel.,"Hyper-realistic studio product photograph of a single Shingling Marcgravia plant (Marcgravia sp. El Coca), climbing vine with velvety black-purple overlapping shingling leaves, growing in a minimal matte warm-grey ceramic nursery pot, centred on a seamless soft off-white backdrop. Soft diffused key light from upper left, gentle fill, subtle contact shadow, true-to-life colour. No hands, no people, no text, no props. 100mm macro lens, f/8, crisp focus on foliage, 1:1 square.",https://growtropicals.com/products/marcgravia-sp-el-coca
Small (8–11 cm pot),—,Michaelmoelleria vietnamensis,8cm,39.99,In stock,"Bright, indirect",High,Not listed,Rare gesneriad that grows on damp rock; a collector's centrepiece.,"Hyper-realistic studio product photograph of a single Michaelmoelleria vietnamensis plant (Michaelmoelleria vietnamensis), neat rosette of velvety deep green leaves, growing in a minimal matte warm-grey ceramic nursery pot, centred on a seamless soft off-white backdrop. Soft diffused key light from upper left, gentle fill, subtle contact shadow, true-to-life colour. No hands, no people, no text, no props. 100mm macro lens, f/8, crisp focus on foliage, 1:1 square.",https://growtropicals.com/products/michaelmoelleria-vietnamensis
Small (8–11 cm pot),Ripple Peperomia 'Abricos',Peperomia caperata 'Abricos',11cm,13.99,Out of stock,Low to bright indirect,Moderate–high,Yes,Warm colour in a small footprint.,"Hyper-realistic studio product photograph of a single Ripple Peperomia 'Abricos' plant (Peperomia caperata 'Abricos'), compact rosette of red quilted leaves with dark centres, growing in a minimal matte warm-grey ceramic nursery pot, centred on a seamless soft off-white backdrop. Soft diffused key light from upper left, gentle fill, subtle contact shadow, true-to-life colour. No hands, no people, no text, no props. 100mm macro lens, f/8, crisp focus on foliage, 1:1 square.",https://growtropicals.com/products/peperomia-caperata-abricos
Small (8–11 cm pot),Friendship Plant 'Norfolk',Pilea Norfolk,8.5cm,3.99,In stock,"Bright, indirect",Moderate–high,Yes,Textured ground cover; burgundy undersides.,"Hyper-realistic studio product photograph of a single Friendship Plant 'Norfolk' plant (Pilea Norfolk), low creeping stems with strongly quilted bronze-green leaves with silvery veining, growing in a minimal matte warm-grey ceramic nursery pot, centred on a seamless soft off-white backdrop. Soft diffused key light from upper left, gentle fill, subtle contact shadow, true-to-life colour. No hands, no people, no text, no props. 100mm macro lens, f/8, crisp focus on foliage, 1:1 square.",https://growtropicals.com/products/pilea-norfolk-houseplant
Small (8–11 cm pot),Aluminium Plant,Pilea cadierei,8.5cm,3.99,In stock,Tolerates low light,Moderate–high,Yes,Easy and fast; pinch to keep compact.,"Hyper-realistic studio product photograph of a single Aluminium Plant plant (Pilea cadierei), upright plant with deep green quilted leaves with raised metallic silver patches, growing in a minimal matte warm-grey ceramic nursery pot, centred on a seamless soft off-white backdrop. Soft diffused key light from upper left, gentle fill, subtle contact shadow, true-to-life colour. No hands, no people, no text, no props. 100mm macro lens, f/8, crisp focus on foliage, 1:1 square.",https://growtropicals.com/products/pilea-cadierei-aluminimum-plant
Small (8–11 cm pot),Aluminium Plant 'Ellen Silver',Pilea cadierei 'Ellen Silver',8.5cm,3.99,In stock,Tolerates low light,Moderate–high,Yes,"Easy, bright filler for small builds.","Hyper-realistic studio product photograph of a single Aluminium Plant 'Ellen Silver' plant (Pilea cadierei 'Ellen Silver'), compact bushy plant with small green leaves splashed with metallic silver, growing in a minimal matte warm-grey ceramic nursery pot, centred on a seamless soft off-white backdrop. Soft diffused key light from upper left, gentle fill, subtle contact shadow, true-to-life colour. No hands, no people, no text, no props. 100mm macro lens, f/8, crisp focus on foliage, 1:1 square.",https://growtropicals.com/products/pilea-silver
Small (8–11 cm pot),—,Pilea hitchcockii,9cm,13.99,Out of stock,"Bright, indirect",Moderate–high,Yes,A staple terrarium plant; keep moist.,"Hyper-realistic studio product photograph of a single Pilea hitchcockii plant (Pilea hitchcockii), clumping pilea with grey-green serrated leaves, growing in a minimal matte warm-grey ceramic nursery pot, centred on a seamless soft off-white backdrop. Soft diffused key light from upper left, gentle fill, subtle contact shadow, true-to-life colour. No hands, no people, no text, no props. 100mm macro lens, f/8, crisp focus on foliage, 1:1 square.",https://growtropicals.com/products/pilea-hitchcockii
Small (8–11 cm pot),Artillery Plant,Pilea microphylla,9cm,18.99,Out of stock,"Bright, indirect",Moderate–high,Yes,Fine-textured carpet that suits miniature lawns and greens.,"Hyper-realistic studio product photograph of a single Artillery Plant plant (Pilea microphylla), low mat of fleshy light green stems with tiny paired leaves, growing in a minimal matte warm-grey ceramic nursery pot, centred on a seamless soft off-white backdrop. Soft diffused key light from upper left, gentle fill, subtle contact shadow, true-to-life colour. No hands, no people, no text, no props. 100mm macro lens, f/8, crisp focus on foliage, 1:1 square.",https://growtropicals.com/products/pilea-microphylla
Small (8–11 cm pot),—,Primulina sinovietnamica,8cm,21.99,In stock,"Bright, indirect",Moderate–high,Yes,"Compact rosette, lilac flowers; pet friendly.","Hyper-realistic studio product photograph of a single Primulina sinovietnamica plant (Primulina sinovietnamica), tidy rosette of textured softly hairy green leaves, growing in a minimal matte warm-grey ceramic nursery pot, centred on a seamless soft off-white backdrop. Soft diffused key light from upper left, gentle fill, subtle contact shadow, true-to-life colour. No hands, no people, no text, no props. 100mm macro lens, f/8, crisp focus on foliage, 1:1 square.",https://growtropicals.com/products/primulina-sinovietnamica
Small (8–11 cm pot),Creeping Button Fern,Pyrrosia nummularifolia,9cm,25.99,Out of stock,"Bright, indirect",High,Yes,Clothes stones and wood; high humidity.,"Hyper-realistic studio product photograph of a single Creeping Button Fern plant (Pyrrosia nummularifolia), creeping fern with small round leathery button-like leaves, growing in a minimal matte warm-grey ceramic nursery pot, centred on a seamless soft off-white backdrop. Soft diffused key light from upper left, gentle fill, subtle contact shadow, true-to-life colour. No hands, no people, no text, no props. 100mm macro lens, f/8, crisp focus on foliage, 1:1 square.",https://growtropicals.com/products/pyrrosia-nummularifolia
Small (8–11 cm pot),Variegated Leatherleaf Fern,Rumohra adiantiformis 'Variegata',8.5cm,5.99,In stock,"Bright, indirect",High,Yes,"Tough, long-lasting fern; high humidity.","Hyper-realistic studio product photograph of a single Variegated Leatherleaf Fern plant (Rumohra adiantiformis 'Variegata'), glossy leathery fern fronds streaked with creamy variegation, growing in a minimal matte warm-grey ceramic nursery pot, centred on a seamless soft off-white backdrop. Soft diffused key light from upper left, gentle fill, subtle contact shadow, true-to-life colour. No hands, no people, no text, no props. 100mm macro lens, f/8, crisp focus on foliage, 1:1 square.",https://growtropicals.com/products/rumohra-adiantiformis-variegata
Small (8–11 cm pot),Painted Spikemoss,Selaginella picta,9cm,37.99,Out of stock,"Bright, indirect",Moderate–high,Yes,"Dramatic, spreading mat.","Hyper-realistic studio product photograph of a single Painted Spikemoss plant (Selaginella picta), lush spreading spikemoss with deep green leaves striped white along the veins, growing in a minimal matte warm-grey ceramic nursery pot, centred on a seamless soft off-white backdrop. Soft diffused key light from upper left, gentle fill, subtle contact shadow, true-to-life colour. No hands, no people, no text, no props. 100mm macro lens, f/8, crisp focus on foliage, 1:1 square.",https://growtropicals.com/products/selaginella-picta
Small (8–11 cm pot),Wallich's Spikemoss,Selaginella wallichi,9cm,21.99,Out of stock,"Bright, indirect",High,Yes,Fast carpeting cover; keep moist.,"Hyper-realistic studio product photograph of a single Wallich's Spikemoss plant (Selaginella wallichi), delicate fern-like spikemoss spreading into a lush carpet, growing in a minimal matte warm-grey ceramic nursery pot, centred on a seamless soft off-white backdrop. Soft diffused key light from upper left, gentle fill, subtle contact shadow, true-to-life colour. No hands, no people, no text, no props. 100mm macro lens, f/8, crisp focus on foliage, 1:1 square.",https://growtropicals.com/products/selaginella-wallichi
Small (8–11 cm pot),—,Solanum uleanum,10.5cm,15.99,Out of stock,"Bright, indirect",Moderate–high,Not listed,Fast colourful climber.,"Hyper-realistic studio product photograph of a single Solanum uleanum plant (Solanum uleanum), vine with leaves emerging neon purple and maturing to deep green, growing in a minimal matte warm-grey ceramic nursery pot, centred on a seamless soft off-white backdrop. Soft diffused key light from upper left, gentle fill, subtle contact shadow, true-to-life colour. No hands, no people, no text, no props. 100mm macro lens, f/8, crisp focus on foliage, 1:1 square.",https://growtropicals.com/products/solanum-uleanum
